seq_num,seq_name,potential_mut_site,control,prop_control,mut_match
1,Seq2,6,1,1.0,0.0
1,Seq2,9,1,1.0,0.0
1,Seq2,16,1,1.0,0.0
1,Seq2,17,1,1.0,0.0
1,Seq2,20,1,1.0,0.0
1,Seq2,25,1,1.0,0.0
1,Seq2,28,0,1.0,0.0
1,Seq2,31,0,1.0,0.0
1,Seq2,34,0,1.0,0.0
1,Seq2,36,0,1.0,0.0
1,Seq2,37,1,1.0,0.0
1,Seq2,40,1,1.0,0.0
1,Seq2,47,0,1.0,0.0
1,Seq2,52,0,1.0,0.0
1,Seq2,63,0,1.0,0.0
1,Seq2,70,1,1.0,0.0
1,Seq2,85,1,1.0,0.0
1,Seq2,90,1,1.0,0.0
1,Seq2,93,0,1.0,0.0
1,Seq2,97,0,1.0,0.0
1,Seq2,103,1,1.0,0.0
1,Seq2,112,0,1.0,0.0
1,Seq2,116,1,1.0,0.0
1,Seq2,122,1,1.0,0.0
1,Seq2,140,0,1.0,0.0
1,Seq2,146,1,1.0,0.0
1,Seq2,157,0,1.0,0.0
1,Seq2,158,1,1.0,0.0
1,Seq2,163,0,1.0,0.0
1,Seq2,164,0,1.0,0.0
1,Seq2,165,0,1.0,0.0
1,Seq2,167,0,1.0,0.0
1,Seq2,169,1,1.0,0.0
1,Seq2,184,0,1.0,0.0
1,Seq2,185,0,1.0,0.0
1,Seq2,187,0,1.0,0.0
1,Seq2,196,0,1.0,0.0
1,Seq2,197,0,1.0,0.0
1,Seq2,199,0,1.0,0.0
1,Seq2,206,1,1.0,0.0
1,Seq2,211,1,1.0,0.0
1,Seq2,218,1,1.0,0.0
1,Seq2,227,1,1.0,0.0
1,Seq2,231,0,1.0,0.0
1,Seq2,235,0,1.0,0.0
1,Seq2,239,0,1.0,0.0
1,Seq2,240,0,1.0,0.0
1,Seq2,247,1,1.0,0.0
1,Seq2,258,0,1.0,0.0
1,Seq2,262,1,1.0,0.0
1,Seq2,275,1,1.0,0.0
1,Seq2,290,0,1.0,0.0
1,Seq2,298,1,1.0,0.0
1,Seq2,308,0,1.0,0.0
1,Seq2,316,0,1.0,0.0
1,Seq2,317,0,1.0,0.0
1,Seq2,319,0,1.0,0.0
1,Seq2,320,0,1.0,0.0
1,Seq2,321,0,1.0,0.0
1,Seq2,322,1,1.0,0.0
1,Seq2,328,0,1.0,0.0
1,Seq2,334,1,1.0,0.0
1,Seq2,339,1,1.0,0.0
1,Seq2,344,1,1.0,0.0
1,Seq2,353,1,1.0,0.0
1,Seq2,355,0,1.0,0.0
1,Seq2,356,0,1.0,0.0
1,Seq2,358,0,1.0,0.0
1,Seq2,359,0,1.0,0.0
1,Seq2,360,0,1.0,0.0
1,Seq2,361,0,1.0,0.0
1,Seq2,374,1,1.0,0.0
1,Seq2,390,1,1.0,0.0
1,Seq2,398,1,1.0,0.0
1,Seq2,404,0,1.0,0.0
1,Seq2,405,0,1.0,0.0
1,Seq2,409,1,1.0,0.0
1,Seq2,416,1,1.0,0.0
1,Seq2,422,0,1.0,0.0
1,Seq2,423,0,1.0,0.0
1,Seq2,427,1,1.0,0.0
1,Seq2,433,0,1.0,0.0
1,Seq2,436,0,1.0,0.0
1,Seq2,437,0,1.0,0.0
1,Seq2,438,1,1.0,0.0
1,Seq2,451,0,1.0,0.0
1,Seq2,454,0,1.0,0.0
1,Seq2,455,0,1.0,0.0
1,Seq2,473,1,1.0,0.0
1,Seq2,476,0,1.0,0.0
1,Seq2,498,1,1.0,0.0
1,Seq2,500,1,1.0,0.0
1,Seq2,501,1,1.0,0.0
1,Seq2,504,0,1.0,0.0
1,Seq2,505,0,1.0,0.0
1,Seq2,508,1,1.0,0.0
1,Seq2,511,0,1.0,0.0
1,Seq2,512,0,1.0,0.0
1,Seq2,517,1,1.0,0.0
1,Seq2,522,1,1.0,0.0
1,Seq2,526,1,1.0,0.0
1,Seq2,539,0,1.0,0.0
1,Seq2,541,0,1.0,0.0
1,Seq2,542,1,1.0,0.0
1,Seq2,551,0,1.0,0.0
1,Seq2,554,1,1.0,0.0
1,Seq2,571,0,1.0,0.0
1,Seq2,572,1,1.0,0.0
1,Seq2,573,1,1.0,0.0
1,Seq2,587,0,1.0,0.0
1,Seq2,589,0,1.0,0.0
1,Seq2,592,0,1.0,0.0
1,Seq2,593,1,1.0,0.0
1,Seq2,595,0,1.0,0.0
1,Seq2,596,1,1.0,0.0
1,Seq2,607,0,1.0,0.0
1,Seq2,608,0,1.0,0.0
1,Seq2,609,1,1.0,0.0
1,Seq2,613,0,1.0,0.0
1,Seq2,616,0,1.0,0.0
1,Seq2,617,1,1.0,0.0
1,Seq2,628,0,1.0,0.0
1,Seq2,629,0,1.0,0.0
1,Seq2,630,1,1.0,0.0
1,Seq2,634,0,1.0,0.0
2,Seq5,6,1,1.0,0.0
2,Seq5,9,1,1.0,0.0
2,Seq5,16,1,1.0,0.0
2,Seq5,17,1,1.0,0.0
2,Seq5,20,1,1.0,0.0
2,Seq5,25,1,1.0,0.0
2,Seq5,28,0,1.0,0.0
2,Seq5,31,0,1.0,0.0
2,Seq5,34,0,1.0,0.0
2,Seq5,36,0,1.0,0.0
2,Seq5,37,1,1.0,0.0
2,Seq5,40,1,1.0,0.0
2,Seq5,47,0,1.0,0.0
2,Seq5,52,0,1.0,0.0
2,Seq5,63,0,1.0,0.0
2,Seq5,70,1,1.0,0.0
2,Seq5,85,1,1.0,0.0
2,Seq5,90,1,1.0,0.0
2,Seq5,93,0,1.0,0.0
2,Seq5,97,0,1.0,0.0
2,Seq5,103,1,1.0,0.0
2,Seq5,112,0,1.0,0.0
2,Seq5,116,1,1.0,0.0
2,Seq5,122,1,1.0,0.0
2,Seq5,140,0,1.0,0.0
2,Seq5,146,1,1.0,0.0
2,Seq5,157,0,1.0,0.0
2,Seq5,158,1,1.0,0.0
2,Seq5,163,0,1.0,0.0
2,Seq5,164,0,1.0,0.0
2,Seq5,165,0,1.0,0.0
2,Seq5,167,0,1.0,0.0
2,Seq5,169,1,1.0,0.0
2,Seq5,184,0,1.0,0.0
2,Seq5,185,0,1.0,0.0
2,Seq5,187,0,1.0,0.0
2,Seq5,196,0,1.0,0.0
2,Seq5,197,0,1.0,0.0
2,Seq5,199,0,1.0,1.0
2,Seq5,206,1,1.0,0.0
2,Seq5,211,1,1.0,0.0
2,Seq5,218,1,1.0,0.0
2,Seq5,227,1,1.0,0.0
2,Seq5,231,0,1.0,0.0
2,Seq5,235,0,1.0,0.0
2,Seq5,239,0,1.0,0.0
2,Seq5,240,0,1.0,0.0
2,Seq5,247,1,1.0,0.0
2,Seq5,258,0,1.0,0.0
2,Seq5,262,1,1.0,0.0
2,Seq5,275,1,1.0,0.0
2,Seq5,290,0,1.0,1.0
2,Seq5,298,1,1.0,0.0
2,Seq5,308,1,1.0,1.0
2,Seq5,316,0,1.0,0.0
2,Seq5,317,0,1.0,0.0
2,Seq5,319,0,1.0,0.0
2,Seq5,320,0,1.0,0.0
2,Seq5,321,0,1.0,0.0
2,Seq5,322,1,1.0,0.0
2,Seq5,328,0,1.0,0.0
2,Seq5,334,1,1.0,0.0
2,Seq5,339,1,1.0,0.0
2,Seq5,344,1,1.0,0.0
2,Seq5,353,1,1.0,0.0
2,Seq5,355,0,1.0,0.0
2,Seq5,356,0,1.0,0.0
2,Seq5,358,0,1.0,0.0
2,Seq5,359,0,1.0,0.0
2,Seq5,360,0,1.0,0.0
2,Seq5,361,0,1.0,0.0
2,Seq5,374,1,1.0,0.0
2,Seq5,390,1,1.0,0.0
2,Seq5,416,1,1.0,0.0
2,Seq5,422,0,1.0,0.0
2,Seq5,423,0,1.0,0.0
2,Seq5,427,0,1.0,0.0
2,Seq5,433,0,1.0,0.0
2,Seq5,436,0,1.0,0.0
2,Seq5,437,0,1.0,0.0
2,Seq5,438,1,1.0,0.0
2,Seq5,451,0,1.0,0.0
2,Seq5,454,0,1.0,0.0
2,Seq5,455,0,1.0,0.0
2,Seq5,473,1,1.0,0.0
2,Seq5,476,0,1.0,0.0
2,Seq5,498,1,1.0,0.0
2,Seq5,500,1,1.0,0.0
2,Seq5,501,1,1.0,0.0
2,Seq5,504,0,1.0,0.0
2,Seq5,505,0,1.0,0.0
2,Seq5,508,1,1.0,0.0
2,Seq5,511,0,1.0,0.0
2,Seq5,512,0,1.0,0.0
2,Seq5,517,1,1.0,0.0
2,Seq5,522,1,1.0,0.0
2,Seq5,526,1,1.0,0.0
2,Seq5,539,0,1.0,0.0
2,Seq5,541,0,1.0,0.0
2,Seq5,542,1,1.0,0.0
2,Seq5,551,0,1.0,0.0
2,Seq5,554,1,1.0,0.0
2,Seq5,571,0,1.0,0.0
2,Seq5,572,1,1.0,0.0
2,Seq5,573,1,1.0,0.0
2,Seq5,587,0,1.0,0.0
2,Seq5,589,0,1.0,0.0
2,Seq5,592,0,1.0,0.0
2,Seq5,593,1,1.0,0.0
2,Seq5,595,0,1.0,0.0
2,Seq5,596,1,1.0,0.0
2,Seq5,607,0,1.0,1.0
2,Seq5,608,0,1.0,0.0
2,Seq5,609,1,1.0,0.0
2,Seq5,613,0,1.0,0.0
2,Seq5,616,0,1.0,0.0
2,Seq5,617,1,1.0,0.0
2,Seq5,628,0,1.0,1.0
2,Seq5,629,0,1.0,0.0
2,Seq5,630,1,1.0,0.0
2,Seq5,634,0,1.0,0.0
3,Seq7,6,1,1.0,0.0
3,Seq7,9,1,1.0,0.0
3,Seq7,16,1,1.0,0.0
3,Seq7,17,1,1.0,0.0
3,Seq7,20,1,1.0,0.0
3,Seq7,25,1,1.0,0.0
3,Seq7,28,0,1.0,0.0
3,Seq7,31,0,1.0,0.0
3,Seq7,34,0,1.0,0.0
3,Seq7,36,0,1.0,1.0
3,Seq7,37,1,1.0,0.0
3,Seq7,40,1,1.0,0.0
3,Seq7,47,0,1.0,0.0
3,Seq7,52,0,1.0,1.0
3,Seq7,63,0,1.0,0.0
3,Seq7,70,1,1.0,0.0
3,Seq7,85,1,1.0,0.0
3,Seq7,90,1,1.0,0.0
3,Seq7,93,0,1.0,1.0
3,Seq7,97,0,1.0,0.0
3,Seq7,103,1,1.0,0.0
3,Seq7,112,0,1.0,1.0
3,Seq7,116,1,1.0,0.0
3,Seq7,122,1,1.0,0.0
3,Seq7,140,0,1.0,0.0
3,Seq7,146,1,1.0,0.0
3,Seq7,157,0,1.0,1.0
3,Seq7,158,1,1.0,0.0
3,Seq7,163,0,1.0,0.0
3,Seq7,164,0,1.0,1.0
3,Seq7,165,0,1.0,0.0
3,Seq7,167,0,1.0,0.0
3,Seq7,169,1,1.0,0.0
3,Seq7,184,0,1.0,0.0
3,Seq7,185,0,1.0,0.0
3,Seq7,187,0,1.0,0.0
3,Seq7,196,0,1.0,1.0
3,Seq7,197,0,1.0,0.0
3,Seq7,199,0,1.0,0.0
3,Seq7,206,1,1.0,0.0
3,Seq7,211,1,1.0,0.0
3,Seq7,218,1,1.0,0.0
3,Seq7,227,1,1.0,0.0
3,Seq7,231,0,1.0,0.0
3,Seq7,235,0,1.0,0.0
3,Seq7,239,0,1.0,1.0
3,Seq7,240,0,1.0,1.0
3,Seq7,247,1,1.0,0.0
3,Seq7,258,0,1.0,0.0
3,Seq7,262,1,1.0,0.0
3,Seq7,275,1,1.0,0.0
3,Seq7,290,0,1.0,0.0
3,Seq7,298,1,1.0,0.0
3,Seq7,308,0,1.0,0.0
3,Seq7,316,0,1.0,0.0
3,Seq7,317,0,1.0,0.0
3,Seq7,319,0,1.0,1.0
3,Seq7,320,0,1.0,1.0
3,Seq7,321,0,1.0,0.0
3,Seq7,322,1,1.0,0.0
3,Seq7,328,0,1.0,0.0
3,Seq7,334,1,1.0,0.0
3,Seq7,339,1,1.0,0.0
3,Seq7,344,1,1.0,0.0
3,Seq7,353,1,1.0,0.0
3,Seq7,355,0,1.0,1.0
3,Seq7,356,0,1.0,0.0
3,Seq7,358,0,1.0,0.0
3,Seq7,359,0,1.0,1.0
3,Seq7,360,0,1.0,1.0
3,Seq7,361,0,1.0,0.0
3,Seq7,374,1,1.0,0.0
3,Seq7,390,1,1.0,0.0
3,Seq7,398,1,1.0,0.0
3,Seq7,404,0,1.0,1.0
3,Seq7,405,0,1.0,1.0
3,Seq7,409,1,1.0,0.0
3,Seq7,416,1,1.0,0.0
3,Seq7,422,0,1.0,1.0
3,Seq7,423,0,1.0,0.0
3,Seq7,427,1,1.0,0.0
3,Seq7,433,0,1.0,0.0
3,Seq7,436,0,1.0,1.0
3,Seq7,437,0,1.0,0.0
3,Seq7,438,1,1.0,0.0
3,Seq7,451,0,1.0,0.0
3,Seq7,454,0,1.0,0.0
3,Seq7,455,0,1.0,0.0
3,Seq7,473,1,1.0,0.0
3,Seq7,476,0,1.0,0.0
3,Seq7,498,1,1.0,0.0
3,Seq7,500,1,1.0,0.0
3,Seq7,501,1,1.0,0.0
3,Seq7,504,0,1.0,1.0
3,Seq7,505,0,1.0,0.0
3,Seq7,508,1,1.0,0.0
3,Seq7,511,0,1.0,1.0
3,Seq7,512,0,1.0,0.0
3,Seq7,517,1,1.0,0.0
3,Seq7,522,1,1.0,0.0
3,Seq7,526,1,1.0,0.0
3,Seq7,539,0,1.0,0.0
3,Seq7,541,0,1.0,0.0
3,Seq7,542,1,1.0,0.0
3,Seq7,551,0,1.0,0.0
3,Seq7,554,1,1.0,0.0
3,Seq7,571,0,1.0,1.0
3,Seq7,572,1,1.0,0.0
3,Seq7,573,1,1.0,0.0
3,Seq7,587,0,1.0,0.0
3,Seq7,589,0,1.0,0.0
3,Seq7,592,0,1.0,0.0
3,Seq7,593,1,1.0,0.0
3,Seq7,595,0,1.0,1.0
3,Seq7,596,1,1.0,1.0
3,Seq7,607,0,1.0,1.0
3,Seq7,608,0,1.0,1.0
3,Seq7,609,1,1.0,0.0
3,Seq7,613,0,1.0,0.0
3,Seq7,616,0,1.0,1.0
3,Seq7,617,1,1.0,0.0
3,Seq7,628,0,1.0,1.0
3,Seq7,629,0,1.0,0.0
3,Seq7,630,1,1.0,0.0
3,Seq7,634,0,1.0,0.0
4,Seq14,6,1,1.0,0.0
4,Seq14,9,1,1.0,0.0
4,Seq14,16,1,1.0,0.0
4,Seq14,17,1,1.0,0.0
4,Seq14,20,1,1.0,0.0
4,Seq14,25,1,1.0,0.0
4,Seq14,28,0,1.0,0.0
4,Seq14,31,0,1.0,0.0
4,Seq14,34,0,1.0,1.0
4,Seq14,36,0,1.0,0.0
4,Seq14,37,1,1.0,0.0
4,Seq14,40,1,1.0,0.0
4,Seq14,47,0,1.0,1.0
4,Seq14,52,0,1.0,1.0
4,Seq14,63,0,1.0,1.0
4,Seq14,70,1,1.0,0.0
4,Seq14,85,1,1.0,0.0
4,Seq14,90,1,1.0,0.0
4,Seq14,93,0,1.0,1.0
4,Seq14,97,0,1.0,1.0
4,Seq14,103,1,1.0,0.0
4,Seq14,112,0,1.0,1.0
4,Seq14,116,1,1.0,0.0
4,Seq14,122,1,1.0,1.0
4,Seq14,140,0,1.0,1.0
4,Seq14,146,1,1.0,0.0
4,Seq14,157,0,1.0,0.0
4,Seq14,158,1,1.0,1.0
4,Seq14,163,0,1.0,1.0
4,Seq14,164,0,1.0,0.0
4,Seq14,165,0,1.0,0.0
4,Seq14,167,0,1.0,1.0
4,Seq14,169,1,1.0,0.0
4,Seq14,184,0,1.0,0.0
4,Seq14,185,0,1.0,1.0
4,Seq14,187,0,1.0,1.0
4,Seq14,196,0,1.0,0.0
4,Seq14,197,0,1.0,0.0
4,Seq14,199,0,1.0,1.0
4,Seq14,206,1,1.0,1.0
4,Seq14,211,1,1.0,0.0
4,Seq14,218,1,1.0,0.0
4,Seq14,227,1,1.0,0.0
4,Seq14,231,0,1.0,1.0
4,Seq14,235,0,1.0,1.0
4,Seq14,239,0,1.0,1.0
4,Seq14,240,0,1.0,1.0
4,Seq14,247,1,1.0,0.0
4,Seq14,258,0,1.0,0.0
4,Seq14,262,1,1.0,0.0
4,Seq14,275,1,1.0,1.0
4,Seq14,290,0,1.0,0.0
4,Seq14,298,1,1.0,0.0
4,Seq14,308,0,1.0,1.0
4,Seq14,316,0,1.0,0.0
4,Seq14,317,0,1.0,1.0
4,Seq14,319,0,1.0,1.0
4,Seq14,320,0,1.0,0.0
4,Seq14,321,0,1.0,1.0
4,Seq14,322,1,1.0,1.0
4,Seq14,328,0,1.0,0.0
4,Seq14,334,1,1.0,0.0
4,Seq14,339,1,1.0,0.0
4,Seq14,344,1,1.0,0.0
4,Seq14,353,1,1.0,0.0
4,Seq14,355,0,1.0,1.0
4,Seq14,356,0,1.0,1.0
4,Seq14,358,0,1.0,0.0
4,Seq14,359,0,1.0,0.0
4,Seq14,360,0,1.0,0.0
4,Seq14,361,0,1.0,0.0
4,Seq14,374,1,1.0,0.0
4,Seq14,390,1,1.0,0.0
4,Seq14,398,1,1.0,0.0
4,Seq14,404,0,1.0,1.0
4,Seq14,405,0,1.0,1.0
4,Seq14,409,1,1.0,0.0
4,Seq14,416,1,1.0,0.0
4,Seq14,422,0,1.0,1.0
4,Seq14,423,0,1.0,1.0
4,Seq14,427,1,1.0,0.0
4,Seq14,433,0,1.0,1.0
4,Seq14,436,0,1.0,1.0
4,Seq14,437,0,1.0,1.0
4,Seq14,438,1,1.0,0.0
4,Seq14,451,0,1.0,1.0
4,Seq14,454,0,1.0,1.0
4,Seq14,455,0,1.0,1.0
4,Seq14,473,1,1.0,0.0
4,Seq14,476,0,1.0,1.0
4,Seq14,498,1,1.0,0.0
4,Seq14,500,1,1.0,0.0
4,Seq14,501,1,1.0,0.0
4,Seq14,504,0,1.0,1.0
4,Seq14,505,0,1.0,1.0
4,Seq14,508,1,1.0,0.0
4,Seq14,511,0,1.0,0.0
4,Seq14,512,0,1.0,1.0
4,Seq14,517,1,1.0,0.0
4,Seq14,522,1,1.0,0.0
4,Seq14,526,1,1.0,1.0
4,Seq14,539,0,1.0,1.0
4,Seq14,541,0,1.0,1.0
4,Seq14,542,1,1.0,1.0
4,Seq14,551,0,1.0,1.0
4,Seq14,554,1,1.0,0.0
4,Seq14,571,0,1.0,0.0
4,Seq14,572,1,1.0,0.0
4,Seq14,573,1,1.0,0.0
4,Seq14,587,0,1.0,1.0
4,Seq14,589,0,1.0,1.0
4,Seq14,592,0,1.0,1.0
4,Seq14,593,1,1.0,0.0
4,Seq14,595,0,1.0,1.0
4,Seq14,596,1,1.0,0.0
4,Seq14,607,0,1.0,0.0
4,Seq14,608,0,1.0,1.0
4,Seq14,609,1,1.0,1.0
4,Seq14,613,0,1.0,1.0
4,Seq14,616,0,1.0,1.0
4,Seq14,617,1,1.0,0.0
4,Seq14,628,0,1.0,1.0
4,Seq14,629,0,1.0,0.0
4,Seq14,630,1,1.0,1.0
4,Seq14,634,0,1.0,0.0
5,resolved_consensus,6,1,1.0,0.0
5,resolved_consensus,9,1,1.0,0.0
5,resolved_consensus,16,1,1.0,0.0
5,resolved_consensus,17,1,1.0,0.0
5,resolved_consensus,20,1,1.0,0.0
5,resolved_consensus,25,1,1.0,0.0
5,resolved_consensus,28,0,1.0,0.0
5,resolved_consensus,31,0,1.0,0.0
5,resolved_consensus,34,0,1.0,0.5
5,resolved_consensus,36,0,1.0,0.5
5,resolved_consensus,37,1,1.0,0.0
5,resolved_consensus,40,1,1.0,0.0
5,resolved_consensus,47,0,1.0,0.5
5,resolved_consensus,52,0,1.0,0.5
5,resolved_consensus,63,0,1.0,0.5
5,resolved_consensus,70,1,1.0,0.0
5,resolved_consensus,85,1,1.0,0.0
5,resolved_consensus,90,1,1.0,0.0
5,resolved_consensus,93,0,1.0,0.5
5,resolved_consensus,97,0,1.0,0.5
5,resolved_consensus,103,1,1.0,0.0
5,resolved_consensus,112,0,1.0,0.5
5,resolved_consensus,116,1,1.0,0.0
5,resolved_consensus,122,1,1.0,0.5
5,resolved_consensus,140,0,1.0,0.5
5,resolved_consensus,146,1,1.0,0.0
5,resolved_consensus,157,0,1.0,0.5
5,resolved_consensus,158,1,1.0,0.5
5,resolved_consensus,163,0,1.0,0.5
5,resolved_consensus,164,0,1.0,0.5
5,resolved_consensus,165,0,1.0,0.0
5,resolved_consensus,167,0,1.0,0.5
5,resolved_consensus,169,1,1.0,0.0
5,resolved_consensus,184,0,1.0,0.0
5,resolved_consensus,185,0,1.0,0.5
5,resolved_consensus,187,0,1.0,0.5
5,resolved_consensus,196,0,1.0,0.5
5,resolved_consensus,197,0,1.0,0.0
5,resolved_consensus,199,0,1.0,0.5
5,resolved_consensus,206,1,1.0,0.5
5,resolved_consensus,211,1,1.0,0.0
5,resolved_consensus,218,1,1.0,0.0
5,resolved_consensus,227,1,1.0,0.0
5,resolved_consensus,231,0,1.0,0.5
5,resolved_consensus,235,0,1.0,0.5
5,resolved_consensus,239,0,1.0,0.5
5,resolved_consensus,240,0,1.0,0.5
5,resolved_consensus,247,1,1.0,0.0
5,resolved_consensus,258,0,1.0,0.0
5,resolved_consensus,262,1,1.0,0.0
5,resolved_consensus,275,1,1.0,0.5
5,resolved_consensus,290,0,1.0,0.5
5,resolved_consensus,298,1,1.0,0.0
5,resolved_consensus,308,0,0.5,0.25
5,resolved_consensus,308,1,0.5,0.25
5,resolved_consensus,316,0,1.0,0.0
5,resolved_consensus,317,0,1.0,0.5
5,resolved_consensus,319,0,1.0,0.5
5,resolved_consensus,320,0,1.0,0.5
5,resolved_consensus,321,0,1.0,0.5
5,resolved_consensus,322,1,1.0,0.5
5,resolved_consensus,328,0,1.0,0.0
5,resolved_consensus,334,1,1.0,0.0
5,resolved_consensus,339,1,1.0,0.0
5,resolved_consensus,344,1,1.0,0.0
5,resolved_consensus,353,1,1.0,0.0
5,resolved_consensus,355,0,1.0,0.5
5,resolved_consensus,356,0,1.0,0.5
5,resolved_consensus,358,0,1.0,0.0
5,resolved_consensus,359,0,1.0,0.5
5,resolved_consensus,360,0,1.0,0.5
5,resolved_consensus,361,0,1.0,0.0
5,resolved_consensus,374,1,1.0,0.0
5,resolved_consensus,390,1,1.0,0.0
5,resolved_consensus,398,1,1.0,0.0
5,resolved_consensus,404,0,1.0,0.5
5,resolved_consensus,405,0,1.0,0.5
5,resolved_consensus,409,1,1.0,0.0
5,resolved_consensus,416,1,1.0,0.0
5,resolved_consensus,422,0,1.0,0.5
5,resolved_consensus,423,0,1.0,0.5
5,resolved_consensus,427,0,0.5,0.0
5,resolved_consensus,427,1,0.5,0.0
5,resolved_consensus,433,0,1.0,0.5
5,resolved_consensus,436,0,1.0,0.5
5,resolved_consensus,437,0,1.0,0.5
5,resolved_consensus,438,1,1.0,0.0
5,resolved_consensus,451,0,1.0,0.5
5,resolved_consensus,454,0,1.0,0.5
5,resolved_consensus,455,0,1.0,0.5
5,resolved_consensus,473,1,1.0,0.0
5,resolved_consensus,476,0,1.0,0.5
5,resolved_consensus,498,1,1.0,0.0
5,resolved_consensus,500,1,1.0,0.0
5,resolved_consensus,501,1,1.0,0.0
5,resolved_consensus,504,0,1.0,0.5
5,resolved_consensus,505,0,1.0,0.5
5,resolved_consensus,508,1,1.0,0.0
5,resolved_consensus,511,0,1.0,0.5
5,resolved_consensus,512,0,1.0,0.5
5,resolved_consensus,517,1,1.0,0.0
5,resolved_consensus,522,1,1.0,0.0
5,resolved_consensus,526,1,1.0,0.5
5,resolved_consensus,539,0,1.0,0.5
5,resolved_consensus,541,0,1.0,0.5
5,resolved_consensus,542,1,1.0,0.5
5,resolved_consensus,551,0,1.0,0.5
5,resolved_consensus,554,1,1.0,0.0
5,resolved_consensus,571,0,1.0,0.5
5,resolved_consensus,572,1,1.0,0.0
5,resolved_consensus,573,1,1.0,0.0
5,resolved_consensus,587,0,1.0,0.5
5,resolved_consensus,589,0,1.0,0.5
5,resolved_consensus,592,0,1.0,0.5
5,resolved_consensus,593,1,1.0,0.0
5,resolved_consensus,595,0,1.0,0.5
5,resolved_consensus,596,1,1.0,0.5
5,resolved_consensus,607,0,1.0,0.5
5,resolved_consensus,608,0,1.0,0.5
5,resolved_consensus,609,1,1.0,0.5
5,resolved_consensus,613,0,1.0,0.5
5,resolved_consensus,616,0,1.0,0.5
5,resolved_consensus,617,1,1.0,0.0
5,resolved_consensus,628,0,1.0,0.5
5,resolved_consensus,629,0,1.0,0.0
5,resolved_consensus,630,1,1.0,0.5
5,resolved_consensus,634,0,1.0,0.0
